section,speed_min,speed_mean,speed_max,brake_max,brake_mean,throttle_mean,gear_min,steering_std,steering_angle_max,hand_speed_mean,hand_speed_max,curve_length,cluster
T3,112.57952,127.98273416262948,159.64754,98.66666000000001,11.730654333018236,59.52430192965458,1.8,25.87331701187163,70.45,53.65723151430103,301.2982266546693,201.43448000000004,0
T2,61.27412,100.73725814701103,201.55796,100.0,25.569405555562298,54.962474173686076,1.0,46.29586763683831,113.7,97.44601622952274,543.3884071224609,287.34497999999996,1
T7+T8,72.25604,112.92363050472332,200.59512,100.0,30.77741046030651,49.24175678114121,1.0,54.66084738957873,111.2125,116.60208893908994,739.4688189566082,242.51942,1
T10,133.86588,150.55113145612955,183.81018,99.21567999999999,15.257523727813446,62.37660785567134,2.4,20.085776344236468,66.05626,37.95803490806255,162.99130246104295,204.2205,2
T5,115.45894000000001,142.17208849072443,188.777,100.0,13.920217343373494,68.10548576369435,2.2,22.45168783537301,68.10155999999999,42.9777425407376,282.8622965562551,293.25023999999996,2
T4,139.35912,155.54764175124723,178.26198,87.84312,7.432746598325752,68.31568762409943,2.8,18.421959618613695,59.94376,50.8077330517839,280.1839763601928,222.20765999999998,2
T6,143.98110000000003,159.76950292501024,182.88244,100.0,11.23103487903323,70.81995776789802,2.6,17.580382344196675,68.76876,62.3251124350507,375.76131930895065,220.85000000000008,2
T9,138.48326,150.46847643388435,168.70528,49.09806,4.922098218131354,67.75558244957031,2.4,22.609820905230624,77.14374000000001,75.73967614168905,342.4709810124815,233.58865999999998,3
T11,62.90226,106.72376295494237,168.83802,100.0,23.778856642524335,62.014011940025874,1.0,44.883852671659085,129.4875,54.891416457115994,423.83170884761455,244.87071999999998,4
