section,speed_min,speed_mean,speed_max,brake_max,brake_mean,throttle_mean,gear_min,steering_std,steering_angle_max,hand_speed_mean,hand_speed_max,curve_length,cluster
T1,120.79803333333332,154.09286686742095,207.5557666666667,81.04573333333333,13.473276906598585,62.72582248660174,2.3333333333333335,24.663572482521854,77.19793333333332,62.02540723706735,389.61261472474615,360.17560000000003,0
T4,97.31693333333334,125.88477137212983,177.9202,86.1438,9.445011778935564,61.23483518664488,2.3333333333333335,29.01146520629652,85.91666666666667,69.71281109676023,516.9596305805793,330.0940666666666,0
T3,99.88303333333333,128.7269833932734,163.36566666666667,90.58823333333333,13.575242658175158,70.88615192932066,2.0,19.650037974695515,66.6771,51.9238142179118,346.7915957083148,254.52560000000003,1
T6,108.81463333333333,140.78998280394305,193.19953333333333,93.2026,17.224665786175002,52.95682460752099,2.0,31.631078883516988,79.75,60.16348640901873,433.7144223752454,230.64886666666675,1
T8,103.01113333333335,130.72307584938122,169.84053333333335,89.01960000000001,14.99028179037031,63.1173273953695,2.0,21.736858514426128,68.46873333333333,43.40090427855929,243.13810142284305,235.1276666666666,1
T7,118.93386666666667,143.89015430672268,194.72036666666668,83.13723333333333,21.715549229691877,51.15752044817927,2.6666666666666665,19.39524436432897,59.197900000000004,52.881773648961655,279.6754010215346,212.7905666666667,1
T2,63.752199999999995,97.72682201727419,182.23593333333335,95.03266666666667,18.716520516761822,45.29087103645147,1.6666666666666667,42.03560590806212,113.875,58.58104552996105,713.1992277286894,247.51639999999998,2
T5,152.66906666666668,176.47060775074536,235.2432666666667,87.45100000000001,12.82755865712582,60.07869475889485,3.3333333333333335,17.745856641171773,51.208333333333336,43.9766036520117,285.3526097727999,339.7212666666667,3
T9,120.41656666666667,152.2091225178966,206.81316666666666,93.8562,19.685452643143787,67.82368020273161,2.6666666666666665,15.75186698837964,49.40623333333334,29.982926154063023,173.2512385582579,300.2434000000001,3
