section,speed_min,speed_mean,speed_max,brake_max,brake_mean,throttle_mean,gear_min,steering_std,steering_angle_max,hand_speed_mean,hand_speed_max,curve_length,cluster
T4,97.522325,127.70760000218019,180.00115,94.60785,13.916699111296126,62.80949136525779,1.75,25.182577424530347,69.5,30.695417267182943,179.6599512983925,329.88037499999996,0
T3,109.13635,129.46717024533461,163.509975,95.9804,12.372045507158946,63.99861103281853,1.75,22.261469573865565,63.5,35.800493539324044,318.5817919099466,255.99117499999997,0
T8,107.789725,134.17640104729188,175.8488,95.0,18.919981341745938,61.756397560403684,1.75,23.783327416323555,62.5,28.296551271460864,207.63054775610922,235.38070000000005,0
T1,116.01435000000001,150.4228511899318,210.746175,100.0,16.74128511394399,62.6062893652597,1.75,14.796075115414652,52.5,36.11818086164639,229.9644541234243,360.54994999999997,1
T7,123.9357,145.91467239587695,193.9727,90.588225,20.090212442296057,57.6437148207804,2.0,14.396359286766,48.25,37.55063932645672,207.25221625874016,213.02764999999988,1
T5,147.045475,173.99834713166425,236.95735,94.5098,17.133909814195025,57.03757088440218,3.0,16.888455700537264,53.25,50.556492521744886,279.1838919081531,338.16849999999994,1
T9,129.667375,155.60534550662857,207.83167500000002,99.11765,18.52660194185242,59.67508781111283,2.5,19.426620903483556,59.0,30.81747263285488,244.62309277337056,302.933,1
T2,66.495,104.30992230751242,183.470675,100.0,23.531669371201666,50.61756338817713,1.0,38.338254434006544,97.25,29.271431355477215,264.99805860554216,245.86772500000004,2
T6,110.48865,135.97157231849386,181.164675,92.74510000000001,15.019903178524373,61.49544822134388,2.0,22.046083233654315,65.0,48.30256132982143,566.2085469648541,231.81900000000007,3
