section,speed_min,speed_mean,speed_max,brake_max,brake_mean,throttle_mean,gear_min,steering_std,steering_angle_max,hand_speed_mean,hand_speed_max,curve_length,cluster
T1,53.50065,100.56920115577559,224.49963333333335,100.0,28.496337375874088,47.48344920824869,1.0,70.93277054331324,127.0,66.68312490899838,796.8759056040016,289.93833333333333,0
T3,75.2041,112.47442629513996,215.52478333333332,100.0,33.33140050368947,44.79784142565348,1.3333333333333333,58.389002952104846,121.5,97.51592888948097,732.3177259803368,225.83205000000012,0
T5,127.13181666666667,141.4777069098442,172.06835,85.03268333333334,10.069221524538131,56.3504974882188,2.3333333333333335,24.46853986203838,77.83333333333333,52.5374878162357,246.28926931801183,232.07346666666658,1
T6,120.33135,135.43883830604287,161.75453333333334,86.40523333333333,12.90664601237067,63.18616614402458,2.3333333333333335,26.622682116263494,75.16666666666667,71.0572018902066,350.9832396220376,171.0876333333334,1
T10,125.08838333333334,163.37643559123038,213.8157666666667,93.26796666666667,10.285427572834049,71.69077687587504,2.5,20.28091244216579,73.5,26.597700873787442,147.28926159427846,521.4712333333335,2
T7-T9,118.95296666666667,151.3072481726057,227.74726666666666,92.48365000000001,16.150836704607617,66.70346140075797,2.5,37.17540973950614,79.33333333333333,59.408150548913135,366.42985913182173,428.1235500000002,3
