section,speed_min,speed_mean,speed_max,brake_max,brake_mean,throttle_mean,gear_min,steering_std,steering_angle_max,hand_speed_mean,hand_speed_max,curve_length,cluster
T3,81.1704,113.37400689655172,200.2976,100.0,30.98715172413793,48.269091379310346,2.0,41.27879709746265,102.0,59.96709525875754,351.41431782818466,230.3506,0
T5,117.3724,135.98872040816326,162.2416,100.0,15.038016326530611,60.84031224489796,3.0,24.916918868136587,67.0,43.13755999824796,296.35663303602803,231.5550000000003,1
T6,121.8662,135.06378918918918,155.8633,100.0,10.524643243243242,64.92843243243243,3.0,33.40474366164497,96.0,49.48814942592231,196.841018454674,173.3031000000001,1
T1,57.6944,98.04399879518073,204.4709,100.0,27.205290361445783,53.41836265060241,2.0,67.64080199871093,127.0,70.63628946575751,860.3510099770576,285.92629999999997,2
T10,125.5512,156.67744042553193,199.9542,100.0,9.215686170212766,77.07131489361701,3.0,21.17980152363666,79.0,25.603539697210117,117.86744026240854,516.5886,3
T7-T9,123.1403,150.6672074074074,211.1467,100.0,15.90413950617284,68.45798024691358,3.0,43.234667089970884,94.0,48.62181835841151,290.41913222268903,428.7968999999998,3
