section,speed_min,speed_mean,speed_max,brake_max,brake_mean,throttle_mean,gear_min,steering_std,steering_angle_max,hand_speed_mean,hand_speed_max,curve_length,cluster
T3,91.1955,117.8426,191.3863,100.0,30.99491111111111,50.021774074074074,3.0,35.07397518327567,60.0,48.878768217512835,320.6219027954347,220.89729999999986,0
T5,118.0438,138.64315,178.7747,100.0,24.19935,60.35945833333333,3.0,18.822486714033882,62.0,32.97310704040715,152.30470740952865,225.64510000000018,1
T6,118.7686,133.9208111111111,155.6802,100.0,22.156861111111112,61.89540555555555,3.0,17.02981889931685,53.0,26.582390042276646,144.33762158740103,163.42930000000024,1
T1,59.7314,99.6671314516129,200.6027,100.0,26.875395967741937,49.06386774193548,2.0,57.22493021358729,107.0,52.51605049308295,762.9193166230308,289.2231999999999,2
T10,116.7849,155.26538333333335,195.8038,100.0,13.542483333333333,74.57513333333333,3.0,18.069438525764156,74.0,15.302194903147337,156.7680376479649,518.9323999999997,3
T7-T9,129.3431,156.13246410256411,210.3532,100.0,17.264961538461538,69.59273846153846,3.0,33.202880875856074,64.0078,41.14249046107763,274.5017283584915,427.1225000000004,3
