section,speed_min,speed_mean,speed_max,brake_max,brake_mean,throttle_mean,gear_min,steering_std,steering_angle_max,hand_speed_mean,hand_speed_max,curve_length,cluster
T3,81.2157247706422,117.68441532342293,221.70609633027522,98.94945045871559,32.508173163558936,49.176503842789884,1.3944954128440368,41.278637602549814,90.66922293577981,63.341005694505505,443.14502966092977,226.55518715596332,0
T5,129.87786697247705,146.96115640304996,184.8224532110092,94.09965688073395,13.868342152695572,61.99931378197277,2.6513761467889907,20.188255494357566,63.011898165137616,39.999630863176705,207.60130221838247,231.45308440366972,1
T6,126.66717064220184,141.62447863868294,169.00934678899085,94.39107798165138,14.010531112440855,65.73981194259137,2.596330275229358,22.266219188170485,64.31293027522936,47.13786042420339,237.4145837990007,169.35737614678897,1
T1,59.29319541284404,103.44503102062635,227.5691348623853,98.9494513761468,26.53332905481525,52.2016365740348,1.018348623853211,59.34023315011579,122.39220183486239,59.7393718769232,574.9813682281102,289.2111706422018,2
T10,129.06031743119266,168.04807300270159,218.0247532110092,97.8809128440367,11.536205048774379,76.1019938153344,2.6788990825688073,17.998598886589022,63.71251467889908,25.081000774013077,191.1875890497622,520.8064201834862,3
T7-T9,127.75476422018349,161.5380925910366,236.11670550458715,98.60046697247707,17.214553605772934,68.7012581053302,2.688073394495413,27.22894436459949,61.686888990825686,47.50661667133764,298.75300203534294,427.5112220183487,3
