section,speed_min,speed_mean,speed_max,brake_max,brake_mean,throttle_mean,gear_min,steering_std,steering_angle_max,hand_speed_mean,hand_speed_max,curve_length,cluster
T3,81.5734835443038,117.01014705690595,221.24046075949366,99.6574835443038,33.208776985829466,44.71846500050592,1.8101265822784811,49.981202232127046,105.77056962025317,73.02318011985172,529.5381421401472,225.92226075949367,0
T10,129.9884164556962,166.8473045846782,216.40876329113925,97.30454303797468,11.133741533481404,74.34257566612803,2.962025316455696,21.346962893913048,71.91475569620253,26.76586027679484,237.7982193459038,520.7903392405063,1
T7-T9,126.66079620253164,160.46224250148535,234.606982278481,99.55820253164556,17.28096854938149,67.13043246839676,2.962025316455696,32.48609340760358,68.20747594936708,49.92357628694115,312.98051372091425,426.47390886075954,1
T1,57.729892405063296,100.68226977607799,223.5261303797468,99.90568481012659,26.104134094027756,48.074244788561224,1.0632911392405062,69.19450640208224,128.8655063291139,62.394118127993075,668.6708026812594,288.91545063291136,2
T5,129.4557088607595,145.837201415499,182.8877848101266,92.50930759493671,12.53108377304939,57.631990214172774,2.9367088607594938,26.264166277047305,76.7679,44.979546096519535,257.4929734689972,231.73404556962026,3
T6,125.96554556962025,140.67308732867198,168.1256417721519,92.33556455696203,13.79565008777603,62.25660856245062,2.9240506329113924,26.23374406408458,73.24980253164557,49.47062668699118,265.33482205002696,168.76601012658227,3
