section,speed_min,speed_mean,speed_max,brake_max,brake_mean,throttle_mean,gear_min,steering_std,steering_angle_max,hand_speed_mean,hand_speed_max,curve_length,cluster
T3,82.1695,117.1311343003423,220.82590869565217,99.94884782608696,31.775959201975603,50.84470380086994,1.434782608695652,50.10415662506762,100.23641304347827,81.84307142322821,628.2160298406773,227.04302608695656,0
T5,131.17949565217393,147.81259341820848,182.03150434782611,96.09548260869566,12.703001076670024,62.16525317184684,2.782608695652174,23.955443525593992,73.94836956521739,42.590395999894916,280.6240629879799,232.3567130434782,1
T6,126.73479999999999,142.1829014270234,169.2365,96.3171304347826,14.792751044887968,65.35076585806787,2.739130434782609,31.03811729826838,77.37092608695653,60.758135692103274,406.39552489364524,170.29190869565218,1
T1,59.13533913043479,102.57707494718832,225.51341739130436,100.0,25.39513107488304,53.803241477270156,1.0,67.79613848501405,134.6304347826087,66.69435970928436,732.1486679525794,289.1259739130435,2
T10,123.10216086956522,164.54449352726058,218.62563913043476,98.99403043478262,11.596935266822255,75.15409851055867,2.5652173913043477,23.113177073022243,77.7336956521739,34.51133793118884,323.031235548316,522.9558869565217,3
T7-T9,124.20545217391303,160.02504377662365,233.20098260869563,98.58482608695653,17.499371507056694,69.82009979541186,2.652173913043478,35.079270134000424,69.90353043478261,56.96898900560773,437.8939889177812,427.65876956521726,3
