section,speed_min,speed_mean,speed_max,brake_max,brake_mean,throttle_mean,gear_min,steering_std,steering_angle_max,hand_speed_mean,hand_speed_max,curve_length,cluster
T1,130.2434,146.21945166666669,204.7684,100.0,27.019608333333334,53.967304999999996,4.0,31.722883621697086,85.0,41.97676007763012,340.72878903095585,239.18089999999998,0
T13,128.5573,155.42432533333331,206.9581,100.0,19.801306666666665,66.06533333333333,4.0,33.01865410283469,87.0,36.83880171262972,174.5409081264482,318.02909999999974,0
T14,84.7105,123.45596119402985,206.1189,100.0,36.31255671641791,51.747128358208954,3.0,38.18072511457082,127.0,39.993180066786955,231.23389975993882,225.9961000000003,0
T3,128.3055,143.77597313432835,184.1764,100.0,20.316067164179106,62.42901194029851,4.0,46.911686078102136,127.0,45.202419769036666,218.83012110471495,263.68600000000004,0
T4,172.4193,183.98663846153846,210.6279,100.0,9.552538461538461,34.0673641025641,5.0,21.935349302209264,80.0,47.705666896377735,160.95706271937584,194.10570000000007,1
T11,93.7591,110.37895434782608,135.996,93.3333,6.317134782608696,69.41173913043478,3.0,32.634591914006215,100.0,49.04145551875255,219.1147799483987,138.52099999999973,2
T5,81.4755,117.45321978021978,184.329,100.0,23.025210989010986,66.58476153846154,3.0,60.17220725400768,127.0,45.610447012786516,500.628983261634,290.22890000000007,3
T7+T8,87.6783,113.97165625,178.1949,100.0,29.442403125,57.450959375,3.0,42.93282055426631,98.0,69.70326879693667,411.4170586152617,197.7273,3
T9+T10,90.7912,120.76539066666668,196.3836,100.0,26.593464,44.03135866666667,3.0,53.71964610020214,105.0,68.0732057063645,670.9618308678715,249.54849999999988,3
