section,speed_min,speed_mean,speed_max,brake_max,brake_mean,throttle_mean,gear_min,steering_std,steering_angle_max,hand_speed_mean,hand_speed_max,curve_length,cluster
T1,130.1442,146.97717164179105,204.9897,100.0,31.27889850746269,47.36317164179104,4.0,26.447973406077097,66.0,43.151837112072464,322.4516526019707,239.41830000000002,0
T14,88.2887,117.82439743589744,205.8366,100.0,29.492211538461536,40.25640128205128,3.0,23.33824308728085,68.0,26.486035014309543,138.0876304789877,226.63250000000016,0
T7+T8,93.4768,114.43202957746479,171.664,100.0,21.734328169014084,45.68902394366197,3.0,37.178903329227616,68.0,47.2195972210518,325.20452191921146,199.71880000000033,0
T9+T10,81.5976,116.65671379310344,199.4278,100.0,33.0087908045977,45.51272413793104,3.0,39.47515237036993,72.0,43.57097086217934,276.4820263027162,249.42329999999993,0
T4,168.6656,184.2498088888889,216.5484,100.0,21.742915555555555,40.671013333333335,4.0,12.597965485680776,56.0,26.392616554613827,93.84610295090941,201.08809999999994,1
T3,129.015,144.22808,168.1926,100.0,13.056209333333333,67.77513866666666,3.0,17.152670045674103,59.0,32.87079017273837,155.41435592872426,264.639,1
T13,132.372,153.98579294117647,208.2017,100.0,18.417530588235294,60.456725882352934,4.0,25.347318057858526,67.0,24.63575427201466,131.27741971176513,315.98149999999987,1
T11,95.346,108.5141,134.8287,100.0,6.832580769230769,73.83104423076924,3.0,24.396533761818876,53.0,83.07546396568574,399.0225066530828,136.4459999999999,2
T5,86.6102,114.99587692307692,183.5737,100.0,20.429865384615386,58.23150769230769,3.0,44.67620180279628,103.0,30.805483537023825,202.15910216508345,289.5377000000001,3
