section,speed_min,speed_mean,speed_max,brake_max,brake_mean,throttle_mean,gear_min,steering_std,steering_angle_max,hand_speed_mean,hand_speed_max,curve_length,cluster
T3,142.93127777777778,164.75966434150078,183.77796666666666,0.0,0.0,99.65137777777778,4.0,10.29677744648036,40.45486666666667,23.800098841598153,106.1239691861919,228.78598888888888,0
T11,74.8488888888889,111.27291726392369,200.64767777777777,99.47712222222222,29.393947469354696,54.389348319969955,2.2222222222222223,52.553293135285884,110.70833333333333,58.291234868573234,344.9883512549205,268.8802,1
T7,75.81444444444445,100.76252450182093,172.0174888888889,100.0,42.148342476224705,20.12397058518829,2.3333333333333335,61.786114833835086,108.34722222222223,74.78060710462964,491.98012994812456,128.73246666666662,1
T9,64.71351111111112,101.85219222473798,199.35656666666668,100.0,34.54935704088149,46.488630731561656,2.111111111111111,51.02656399664312,125.20138888888889,44.965234043640876,304.78132943069716,202.43481111111103,1
T2,109.38005555555554,130.62508508725452,169.35479999999998,93.76906666666667,17.44683036552304,55.602920574732984,3.0,23.75512465229416,83.3125,36.7896849304302,177.54666352066252,231.67615555555554,2
T4,135.76884444444443,152.779476268074,186.94165555555554,96.81917777777778,14.299735174333271,68.0337263060609,3.888888888888889,24.911568404088104,73.46527777777777,32.717866102284624,176.80377965778632,272.9384111111111,2
T5,93.4471,133.78073618582982,215.1717,100.0,31.640485588927827,57.46459641621024,2.888888888888889,33.936984271837474,89.67361111111111,45.98592249768384,361.7665087348727,268.5855444444444,2
T1,114.29685555555557,136.05805162531658,197.7509777777778,100.0,25.531445628686335,53.45792017884946,3.0,26.84220230565596,86.625,39.385632656593465,215.68412865186826,245.7781888888889,2
T8,91.05821111111112,129.3788808077567,164.95342222222223,0.0,0.0,93.23716129391316,2.7777777777777777,25.025527064327225,96.27083333333333,47.1572316980529,264.9638553441061,289.2007222222222,3
