section,speed_min,speed_mean,speed_max,brake_max,brake_mean,throttle_mean,gear_min,steering_std,steering_angle_max,hand_speed_mean,hand_speed_max,curve_length,cluster
T3,144.4877,170.8222125,194.8196,0.0,0.0,99.6078,3.0,15.162800595727594,50.0,28.16475019887145,165.76155851079508,221.5475,0
T8,82.0783,120.93874186046511,160.8301,0.0,0.0,84.55993488372093,2.0,27.25067531649638,92.0,43.28544735895018,201.33987321457082,286.8089,0
T11,75.1965,106.12433913043479,210.2922,100.0,24.42455434782609,57.0673347826087,1.0,59.90881872426489,127.0,50.92615897516076,346.1915898564392,266.366,1
T9,63.2105,99.95071081081082,212.0546,100.0,36.49178918918919,54.75355945945946,1.0,53.15888278905748,127.0,43.529295967743494,415.77346139476293,197.58560000000034,1
T2,99.9695,127.94487352941175,173.9986,80.0,14.279123529411764,58.47749705882353,2.0,51.75409986887551,127.0,43.642035051709165,343.5645062269764,230.09789999999992,2
T4,134.2794,152.47791875,194.6517,82.3529,11.801468750000002,62.242621875,3.0,30.413206217520468,98.0,35.748727932077216,168.65033246856683,263.3682000000001,2
T5,90.6844,135.55669999999998,227.0924,95.6863,32.03703888888889,64.79300833333333,2.0,36.98480969427328,97.0,43.750690209081256,360.7730959220698,264.79179999999997,2
T1,100.679,129.3546542857143,199.9695,81.9608,22.397757142857145,50.46496857142857,3.0,49.3370004959855,127.0,65.22419318636385,451.18503041673773,241.16539999999998,2
T7,60.6775,92.53187307692308,169.9855,98.8235,34.736046153846154,27.164396153846155,2.0,96.05677362973341,127.0,108.59040345664678,593.6523729956734,126.93040000000019,3
