section,speed_min,speed_mean,speed_max,brake_max,brake_mean,throttle_mean,gear_min,steering_std,steering_angle_max,hand_speed_mean,hand_speed_max,curve_length,cluster
T3,142.3476,165.62378065638234,186.31644999999997,0.0,0.0,99.6078,3.0,8.887542257695486,37.00195,17.0827439996347,104.84427524476595,229.06839999999994,0
T11,79.366,110.57500426093515,202.5826,93.92155,27.5719764046003,50.39517874245852,2.0,54.28537131371756,94.5,53.30354581317532,435.2722147630313,272.6948,1
T7,77.66460000000001,99.57801825646402,165.33530000000002,100.0,35.186692784765896,17.625409696016774,2.0,52.81959878575596,94.0,65.975339434425,462.2609371820776,128.64065000000005,1
T9,64.04975,101.7378629553508,199.66815,100.0,36.01284165131113,39.7591354854713,2.0,49.509708189531054,126.0,46.250176095705555,347.8144185177665,202.39990000000012,1
T2,111.8906,133.00194506381382,171.828,92.549,20.736397165915918,49.5985579954955,3.0,33.01224001976937,103.0,39.23520348618691,303.1268559377724,232.46525000000003,2
T4,135.98075,149.92765506072874,182.2385,92.549,12.159640738866397,67.10616924763832,3.0,18.867706935798207,55.5,22.685264301329575,127.95737408657621,274.24810000000014,2
T5,91.2642,130.35088259823576,214.95004999999998,100.0,32.92786305800588,54.484393243785085,2.5,26.794326005663496,63.0,35.556561146877314,206.3369096201497,268.6885500000001,2
T1,119.3065,139.3664629145638,200.1564,97.05879999999999,21.98365078406633,44.35298143475126,3.0,30.94690389015873,98.0,39.41244911505294,207.25243647554055,249.30900000000003,2
T8,93.2898,126.81142530802532,166.26995,0.0,0.0,87.01746394716395,2.0,30.389465924084277,105.5,43.40871026904177,295.6991771318257,289.6634999999999,3
