section,speed_min,speed_mean,speed_max,brake_max,brake_mean,throttle_mean,gear_min,steering_std,steering_angle_max,hand_speed_mean,hand_speed_max,curve_length,cluster
T3,155.6497,181.10872200000003,202.8305,0.0,0.0,100.0,3.0,11.739294175152931,39.2188,15.21782354051389,60.01640641328236,230.30319999999995,0
T7,65.9266,93.03512830188679,177.7371,100.0,36.88494339622642,20.94709433962264,1.0,71.652527584216,117.0625,65.42115624953993,220.48506893102714,129.3801000000003,1
T9,66.3081,104.87028055555555,211.1696,99.2157,28.43681666666667,44.21569027777778,1.0,45.43547519335087,129.75,40.359559479773175,179.5194702788089,199.89190000000008,1
T2,108.4688,131.38680588235295,181.9944,82.7451,14.694345588235294,48.17761911764706,2.0,15.880532683831168,54.625,22.53627678150698,110.96094014520607,226.84409999999997,2
T4,139.8795,159.8353169230769,202.121,93.7255,12.892910769230769,62.24434307692308,3.0,16.299457061359316,45.6875,20.234033556814627,87.26354171158182,273.89700000000016,2
T1,115.9991,136.78898513513514,199.8932,96.0784,18.950714864864867,51.695817567567566,3.0,16.562034792733208,52.75,21.85797340664927,65.28888603344384,247.69109999999998,2
T8,78.7289,127.61074523809523,168.2155,0.0,0.0,76.33986785714285,1.0,20.667183803021164,78.9375,26.148857377756983,108.09335085710663,289.2541000000001,3
T11,76.2264,111.15243695652174,218.8144,100.0,21.210570652173914,42.92412717391304,2.0,56.28511239028571,106.0,50.82855146665854,469.2191248051551,271.93809999999985,4
T5,83.6652,133.0456922077922,232.8222,100.0,31.418385714285716,56.54698571428572,2.0,34.25056924732876,87.375,46.7938702860049,318.0202048146533,266.4303000000002,4
