section,speed_min,speed_mean,speed_max,brake_max,brake_mean,throttle_mean,gear_min,steering_std,steering_angle_max,hand_speed_mean,hand_speed_max,curve_length,cluster
T3,156.9896222222222,181.81477095040148,203.97920740740742,0.0,0.0,99.53446826434276,3.0,8.99632456808928,36.704425925925925,19.112909368281894,89.43422243900524,226.5426259259259,0
T11,82.01017037037037,119.92540910495792,220.29196296296297,96.22367407407408,25.71128082476139,50.74441033425786,1.4814814814814814,51.8925970084705,107.56481481481481,62.867233149673524,410.21861210353694,267.22326296296296,1
T7,82.48574814814816,107.98732954735286,187.53988148148147,99.86928148148148,40.22857205645311,18.03344659959846,1.5555555555555556,66.70456654810049,106.20833333333333,81.44280226107291,492.70149723173824,127.29889629629632,1
T9,69.08324074074073,108.80751157041387,219.2489703703704,99.79665925925926,34.74343079383165,45.40209791573492,1.1111111111111112,49.6952189179861,124.52314814814815,47.4145096181716,265.2088951142187,199.13541481481494,1
T2,118.09945555555556,141.59895161583822,186.72013703703703,95.29411481481482,17.27176097058376,55.96185197320939,2.4074074074074074,23.123407590289712,79.4375,39.62568361570051,248.66983605550618,229.14120740740742,2
T4,151.65772592592592,168.8722337352945,208.26445925925927,95.5119851851852,13.662485939499886,67.89729824064322,3.259259259259259,21.479201948064915,65.57638888888889,36.107591572199645,186.1487183343199,269.9732407407407,2
T5,97.89171481481482,143.73375295210238,234.67895185185185,99.76761111111111,31.24657931558049,57.70820979530651,1.8518518518518519,33.55555836644905,84.64814814814815,45.924806589088945,332.47078434844656,266.1940925925926,2
T1,125.11945925925926,149.19672633129736,220.26256666666666,99.27378518518519,23.908948425943915,51.897850705901284,2.6296296296296298,25.586632180846316,81.67389999999999,40.602847168483954,258.1298600244385,244.22917777777778,2
T8,97.38222222222223,139.92920110883225,181.42722592592594,0.0,0.0,89.01300997507136,1.8518518518518519,23.69412873097824,86.48177037037037,42.08449858178637,283.0270016969631,287.3696037037037,3
