section,speed_min,speed_mean,speed_max,brake_max,brake_mean,throttle_mean,gear_min,steering_std,steering_angle_max,hand_speed_mean,hand_speed_max,curve_length,cluster
T3,156.89374375,181.2466409182865,201.9471125,0.040850000000000004,0.0008691489361702128,99.25950198243116,2.7916666666666665,7.695201986634655,29.760416666666668,18.349667083564295,80.88231686202415,227.82594791666668,0
T11,77.54476458333333,117.11988877911345,216.46480416666668,99.44444583333332,25.496991408632578,56.94959630417454,1.1875,44.367687197314325,97.13671875,50.62650585591235,357.0753833079498,268.0341770833333,1
T7,80.46447083333334,106.3060271476494,187.87766041666669,99.40359583333333,40.07879679363705,23.871903401315567,1.25,55.57452864952392,93.20068333333334,73.88826333783284,460.7394921871265,127.83204166666667,1
T9,67.20470416666667,109.39095368871533,218.40301250000002,99.52614375,34.72592937658128,48.725975988661475,1.0,45.16271574802594,120.04817708333333,44.00057446848884,239.54025857150512,200.83601875,1
T2,117.34983333333334,142.06955348850792,186.3613,90.93953749999999,17.943994813469512,58.75241465959772,2.1041666666666665,22.175141385339828,75.27083333333333,41.290402517737085,205.85655864921708,229.29690000000002,2
T4,150.70334375000002,169.27932104334732,207.63745833333334,91.20097916666667,13.484454193845723,69.71442890078104,3.0416666666666665,19.155594305261417,58.64404375,29.048387354830414,144.32825331194132,271.20634583333333,2
T5,94.52041874999999,141.93736770844612,231.94460416666666,98.25163541666666,30.952298335333612,58.69314086718219,1.6458333333333333,26.379395280550185,69.53678333333333,36.30717990695172,270.92895383372576,267.1442875,2
T1,122.27245416666666,148.7309684749169,218.42908125,95.54738333333334,23.958842485851335,57.12150148623213,2.2708333333333335,20.17093300502949,67.25471875000001,34.6462157531217,194.58430217859006,245.32725833333333,2
T8,94.63010000000001,140.48709873167618,182.4697625,1.3725500000000002,0.10335108123399678,92.76858004915186,1.3958333333333333,20.179840532621988,74.65755208333333,41.435290816523455,236.1321118120229,288.18644166666667,3
