section,speed_min,speed_mean,speed_max,brake_max,brake_mean,throttle_mean,gear_min,steering_std,steering_angle_max,hand_speed_mean,hand_speed_max,curve_length,cluster
T3,155.6344,179.89897169811323,200.8164,0.0,0.0,100.0,3.0,6.832746736056123,26.5625,22.748016401335086,129.45753967840653,227.88760000000002,0
T11,64.7822,111.033416,218.6694,100.0,27.733334,56.792158,1.0,41.899711744327476,102.3125,53.46258765406236,420.31411907008686,269.3809000000001,1
T7,74.8302,96.08919285714286,156.3745,97.2549,23.26330535714286,32.94818035714285,1.0,59.237428028619014,100.5625,66.5313218332881,424.19607247748365,130.39760000000024,1
T9,69.4133,106.23684,216.5332,100.0,30.0539225,45.3725475,1.0,46.89402430550375,111.5625,64.69421024662638,765.6533063524747,201.11599999999999,1
T2,117.0825,137.78929285714287,182.3377,73.3333,14.296917142857144,56.857145714285714,3.0,15.8837025122357,60.0938,33.91878625906236,154.81495779287962,232.4447,2
T5,92.8435,138.8609175,230.7012,100.0,30.102941249999997,61.240198750000005,2.0,26.89667536999668,67.3125,33.59023660644922,265.8303048799817,268.2321999999999,2
T1,117.0138,142.34569305555556,216.2051,100.0,23.229845833333332,54.466230555555555,2.0,11.829118479392251,47.0312,25.218974059368307,108.46881853560619,245.07709999999997,2
T4,153.3837,162.53202000000002,184.1382,82.7451,5.2212885714285715,70.58263285714285,4.0,18.435453027192587,74.8125,48.97379039856826,483.9123978715093,274.37099999999987,3
T8,91.1421,134.7458179775281,174.7921,0.0,0.0,89.75985842696629,2.0,22.365445413408054,71.5625,65.25889285627528,342.99896153114037,289.03870000000006,3
