section,speed_min,speed_mean,speed_max,brake_max,brake_mean,throttle_mean,gear_min,steering_std,steering_angle_max,hand_speed_mean,hand_speed_max,curve_length,cluster
T13+T14,77.8592,110.06012199999999,203.3646,100.0,19.113724,58.486256000000004,2.0,44.00034085581913,110.0,56.85639075560834,308.70380797012604,304.12480000000005,0
T6,87.068,112.70885,174.3114,100.0,18.698752272727273,62.94116818181818,2.0,34.36070610833295,84.0,26.589122014241738,185.55788330229805,269.75479999999993,0
T15+T16,92.5154,129.8445,226.7262,100.0,22.69608125,62.3222875,1.0,29.886271654016927,85.0,38.015853766071814,165.9551474262842,458.8552000000004,1
T10-T12,103.4409,145.3373612244898,210.2541,100.0,18.73549591836735,62.84112040816326,2.0,24.953755603315507,61.0,31.912637680655404,195.36677251067488,395.7037,1
T4+T5,99.0158,145.46727441860466,218.8449,100.0,24.888283720930236,66.7122488372093,1.0,22.67931595378864,50.0,20.336567535527443,94.93830478611598,345.56759999999986,1
T1-T3,98.6572,156.93540793650794,256.3439,100.0,20.616249206349206,73.09054920634921,2.0,26.810718080691334,52.0,28.601075951066196,180.05195428654363,548.9241,2
T8+T9,123.9567,156.5037904761905,200.2441,100.0,13.968254761904761,70.98970238095238,3.0,13.40013023429007,47.0,20.435523034912155,137.8035836774838,360.4938000000002,3
