section,speed_min,speed_mean,speed_max,brake_max,brake_mean,throttle_mean,gear_min,steering_std,steering_angle_max,hand_speed_mean,hand_speed_max,curve_length,cluster
T15+T16,79.5682,124.86915407407407,224.445,100.0,26.51851851851852,52.52286148148148,2.0,27.718729228209103,87.0,27.343065979493204,140.7426443617858,469.3685999999998,0
T13+T14,68.6503,115.14276701030929,196.8261,100.0,30.87123505154639,54.174227835051546,2.0,34.78041565077994,99.0,35.22381809005726,485.7644042639084,311.2086999999997,0
T6,76.5393,107.4024914893617,165.4765,100.0,16.216102127659575,62.090096808510644,2.0,29.86195526398553,95.0,32.45247859422851,236.04925870120758,281.4261999999999,0
T8+T9,124.8951,150.98653333333334,198.5809,100.0,14.626998850574713,64.49851034482758,3.0,17.261481075613748,62.0,18.17573988207843,137.0215209226639,365.67610000000013,1
T1-T3,113.5576,155.4238418604651,251.5831,100.0,21.30110930232558,65.38377674418605,3.0,29.47066796083556,59.0,35.46797047664649,334.82477151210225,560.7887000000001,2
T10-T12,97.1847,141.07391960784315,200.9613,100.0,25.843906862745097,56.362915686274505,3.0,29.295024060776672,95.0,48.68977719079415,160.37007611424804,403.2646,3
T4+T5,105.5238,143.35088390804597,209.5064,100.0,25.363983908045977,58.71984137931034,2.0,29.50471321214787,98.0,57.40733824681366,514.5248373786991,347.68359999999984,3
