section,speed_min,speed_mean,speed_max,brake_max,brake_mean,throttle_mean,gear_min,steering_std,steering_angle_max,hand_speed_mean,hand_speed_max,curve_length,cluster
T13+T14,74.15123333333334,108.4878527380809,183.53806666666665,100.0,19.060160975081256,43.75734515061881,3.0,34.10468363464304,81.66666666666667,52.291681852896225,394.87648756942457,312.0053333333332,0
T6,75.8526,110.75994613868056,167.92806666666667,100.0,18.601993332331244,64.06934527701577,2.6666666666666665,33.399991326204905,105.33333333333333,34.92263780366059,320.29212123836993,280.20526666666666,0
T8+T9,126.3676,153.79941479072087,201.29193333333333,100.0,16.2247083687498,67.79498742940855,4.0,17.558394997523852,66.0,20.33569642751713,98.19271980076894,365.19726666666674,1
T1-T3,105.16006666666665,153.63046470362377,230.40869999999998,100.0,19.23045089716265,73.93401114425286,3.0,28.300602321880547,67.0,35.08950424132809,256.446309054824,562.4345333333334,2
T15+T16,86.5517,124.84060686773658,215.66083333333333,100.0,20.601590208448627,58.215822971776426,3.0,29.755508404390838,89.33333333333333,32.06657354229461,189.69167821529678,464.9592333333333,3
T10-T12,94.90346666666666,139.0948517589537,199.59310000000002,100.0,20.748429726683778,59.42096839946217,3.0,24.59505444036354,85.33333333333333,33.160068050077605,202.17888945883752,401.0353,3
T4+T5,110.35073333333334,148.09254217334453,211.71386666666663,100.0,23.272863491173997,58.501823419258436,3.0,28.219908190793713,67.33333333333333,32.879959712683274,236.13178510133548,345.87793333333343,3
