section,speed_min,speed_mean,speed_max,brake_max,brake_mean,throttle_mean,gear_min,steering_std,steering_angle_max,hand_speed_mean,hand_speed_max,curve_length,cluster
T10-T12,95.647375,140.40468104874293,200.076275,98.62745,19.009744381515222,59.11145753804167,2.25,29.234254230414198,85.625,52.23330537888548,385.2060200412126,401.71155,0
T13+T14,85.45815,120.75830815349053,191.968025,100.0,21.97465824793372,59.3474994539214,2.0,35.080078116828936,91.9375,57.67143216374031,398.93671642266077,310.908275,0
T15+T16,91.47592499999999,125.41615835843551,217.679475,100.0,20.885973360727135,57.46191969215246,2.0,32.16676682041158,104.09375,45.535898232409195,347.64756264572804,466.1640000000001,0
T4+T5,111.80857499999999,147.66571220252317,208.211275,100.0,21.713907400904333,56.47181883870562,2.5,34.19574490057006,84.5332,55.81038008218002,347.09148470936935,346.20947500000005,0
T8+T9,124.8417,153.87800985400315,195.712225,100.0,14.966178925039246,73.48496740659341,3.0,21.835132551276637,82.265625,36.8512510226208,175.27284829575024,368.4141249999999,1
T1-T3,113.826575,156.96525300156458,246.83375,100.0,20.20704220603468,68.74870888617491,2.75,30.660697790366815,80.53125,44.61133755399425,293.91824468227355,557.94595,2
T6,79.675,111.16039849248543,164.301525,100.0,15.456099670481795,63.73661262324888,2.0,41.63394230247706,128.96875,49.35620192546416,353.675535179833,280.968225,3
