section,speed_min,speed_mean,speed_max,brake_max,brake_mean,throttle_mean,gear_min,steering_std,steering_angle_max,hand_speed_mean,hand_speed_max,curve_length,cluster
T10,100.824,120.51920322580646,164.8051,100.0,19.080750537634408,57.84523010752688,3.0,29.009712741455527,90.0,25.362959524033545,92.17521567770423,275.9248000000007,0
T11,156.6873,164.555615942029,180.7355,46.6667,4.575163768115942,75.24294927536232,4.0,16.718199011661536,50.0,22.59031245662909,100.60155533223232,283.65180000000055,0
T12,128.4657,151.5571825,179.8505,85.098,15.4754875,73.3725225,3.0,20.88354015389492,67.0,21.01530109370796,129.31108003849354,301.1219000000001,0
T8,105.1347,133.5809849206349,199.176,100.0,16.436353174603177,68.03297063492063,3.0,23.947316384546188,69.0,14.75898497455759,90.63508002836949,414.8996000000002,0
T7,119.8215,143.70746,201.2131,100.0,19.43671909090909,60.285180909090904,3.0,21.989538207439033,66.0,22.269281397905875,123.81172954759415,391.92610000000013,0
T9,97.5433,134.64765360824742,210.1244,100.0,36.99616082474227,54.17018350515464,3.0,40.98572034171151,119.0,48.29334472643938,303.06393020917756,316.2091999999998,1
T5,138.5901,160.5610053763441,226.6117,100.0,23.563145161290322,54.79652150537635,3.0,25.711936123650084,46.0,32.97337970490773,293.81545133312096,363.3233,2
T1,116.9909,150.36336321839082,229.0913,98.0392,34.212302298850574,44.53007356321839,3.0,31.143830159522068,83.0,23.26874688575632,117.09672288198306,319.3986,2
T2-T4,164.3931,207.62725803108808,235.5993,0.0,0.0,99.60780000000001,4.0,24.14602220675503,51.0,18.39081005202399,145.2171353790192,992.9407,3
