section,speed_min,speed_mean,speed_max,brake_max,brake_mean,throttle_mean,gear_min,steering_std,steering_angle_max,hand_speed_mean,hand_speed_max,curve_length,cluster
T12,154.1612347826087,173.26517583843025,202.7731652173913,90.3324695652174,10.002698003414833,71.33954501346552,3.130434782608696,19.967925272116048,58.58287826086956,29.19265727694761,144.32739869928565,294.7275739130435,0
T1,126.80578695652174,165.88176484349933,247.2605043478261,99.59079130434783,26.325369611698875,60.81317102320063,2.6956521739130435,23.961905585580805,73.25815217391305,33.583302641455106,247.22117111554718,317.4727217391304,1
T10,105.20929130434783,130.61053076702413,182.12836521739132,96.6581347826087,14.286609602066367,61.05706224423454,1.9565217391304348,26.002195988828777,76.60223913043478,43.93666634905655,258.77384503784424,268.92630434782603,1
T5,168.25062173913042,189.71831041522574,264.67900869565216,98.34612173913042,17.456889667959647,58.423323505130206,3.6956521739130435,28.380775724347977,56.05163043478261,47.79159128593783,277.6496030540255,361.5860434782608,1
T8,110.94901304347826,148.03830673484873,218.50289130434783,99.52258695652174,14.777110770466974,71.29854064226637,1.9565217391304348,23.362902736831412,69.25305652173914,36.7508645900807,260.9793837407593,411.3841217391305,1
T7,126.74741304347826,162.05572944314997,223.4663913043478,99.96589565217391,18.170821422148997,66.50707849293771,2.4782608695652173,23.799062117638506,74.38315217391305,34.70348221182776,203.85310368303436,387.83260869565214,1
T9,109.04427826086956,147.03377815818578,227.51731304347825,99.98294782608694,22.892264399931488,62.1822520256856,1.9565217391304348,25.722955147359798,78.1875,37.87737432491869,272.8869661194257,313.5831913043479,1
T11,183.28408260869566,192.06095500288896,203.4206652173913,1.9948826086956521,0.22698993695318237,75.7812485753734,3.9565217391304346,20.53890405752921,63.270382608695655,32.053773128421504,127.95304541700843,282.69340000000005,2
T2-T4,183.5321956521739,227.83603367339825,256.40797391304346,0.0,0.0,99.4927865880619,3.6956521739130435,14.6214406849209,29.25339565217391,15.129921690277278,79.56701012799076,989.4013652173913,3
