section,speed_min,speed_mean,speed_max,brake_max,brake_mean,throttle_mean,gear_min,steering_std,steering_angle_max,hand_speed_mean,hand_speed_max,curve_length,cluster
T12,148.36601666666667,169.3053047991949,202.80001666666666,85.1634,11.807446569203877,72.81806251999576,3.1666666666666665,27.173805551114437,77.16666666666667,40.21116207492418,253.07390212952552,294.6725333333334,0
T11,176.63718333333335,187.8419529368227,200.64341666666667,15.817,1.2447175029924538,72.82955748991414,4.166666666666667,19.670827813492693,65.33333333333333,29.535008033682317,128.04310444106434,283.5910499999998,0
T5,138.983,168.64261445891103,258.59718333333336,100.0,16.917321494728338,60.31615105651924,3.3333333333333335,41.250196119308264,76.5,335.4761300195061,6069.644260535831,363.73908333333344,1
T10,104.36916666666667,130.13617630950895,183.04851666666664,94.11765000000001,14.203754343727184,61.82457288358344,2.5,27.34991150046532,88.83333333333333,40.90236103018576,264.30127222574913,268.57088333333314,2
T1,116.47338333333333,156.95000387534978,241.35576666666668,96.40521666666666,26.75288845452793,62.01501226425621,2.8333333333333335,26.78131783205855,74.66666666666667,34.14270958970034,178.86068473911064,315.78075,2
T7,123.6604,159.91329455965754,222.61135000000002,96.92810000000001,17.080215483687976,65.31830885635004,2.8333333333333335,25.95966583021725,92.0,42.443783082002064,299.3161788479586,388.02340000000004,2
T8,105.58480000000002,147.11796762085876,217.87591666666665,93.52941666666668,14.711412422775084,68.99778234668717,2.5,26.720078957682208,78.33333333333333,36.179886640445794,242.3104538156368,411.48814999999996,2
T9,107.85586666666666,146.77991012906276,228.81668333333334,93.39868333333334,23.608599796866827,60.72588540459541,2.6666666666666665,26.27722580356576,72.83333333333333,27.938720236558137,218.33511623938566,313.96205000000003,2
T2-T4,182.65938333333335,226.3878276465832,253.91774999999998,0.0,0.0,98.21534425287355,4.0,21.056883111448215,40.666666666666664,16.959399463507406,116.37754703805562,993.1574666666667,3
