section,speed_min,speed_mean,speed_max,brake_max,brake_mean,throttle_mean,gear_min,steering_std,steering_angle_max,hand_speed_mean,hand_speed_max,curve_length,cluster
T12,152.7428,174.0893659574468,211.7494,98.4314,16.337089361702127,74.56818723404255,3.0,29.889611669699246,75.0,23.522544971590364,105.46091115289467,297.9200000000001,0
T8,97.0016,150.37625657894736,223.1403,100.0,19.912280263157896,75.45921184210526,2.0,28.99655949986937,91.0,28.710055298942304,165.88877013026138,414.80139999999983,0
T7,118.8678,162.9504953125,226.1769,100.0,23.363971875,68.3516875,3.0,29.66369790443753,83.0,24.690911002021352,118.58277878605067,382.53999999999996,0
T2-T4,180.0107,229.59250603448277,259.9832,0.0,0.0,99.60779999999998,4.0,19.287742298437507,40.0,17.58470858775589,86.91709507274115,990.2506999999999,1
T1,120.8057,165.26729811320752,252.636,100.0,32.94857358490566,60.917481132075466,3.0,40.648710466404225,102.0,34.37771257492284,179.60711395429527,315.3018,2
T9,100.763,149.38375593220337,232.9366,100.0,28.069128813559324,62.698555932203384,2.0,43.20029849619631,125.0,39.886118561124924,285.6391645164448,320.2274000000002,2
T5,158.7091,182.81071272727274,265.301,100.0,23.885914545454547,69.82529090909091,3.0,30.36435758635011,48.0,36.43445581320966,160.8259825123728,365.4184,3
T10,107.5837,131.90425636363636,186.9535,98.4314,19.25134,62.83777454545454,2.0,19.506741507022593,65.0,25.991970580608484,72.9953300011733,265.7501000000002,4
T11,174.4488,188.60039268292684,203.09,67.0588,7.910087804878049,85.6719,4.0,22.53928819184674,66.0,35.62350418407175,158.647769988819,281.65819999999985,5
