section,speed_min,speed_mean,speed_max,brake_max,brake_mean,throttle_mean,gear_min,steering_std,steering_angle_max,hand_speed_mean,hand_speed_max,curve_length,cluster
T12,143.1067,165.036575,193.286,100.0,9.754903125,71.801440625,3.0,24.963627246390573,85.0,30.630501696652328,162.42103139909727,292.0541000000003,0
T7,126.4363,156.93779767441862,218.3261,100.0,16.753306976744184,63.465551162790696,3.0,19.290863147985288,64.0078,24.64387257438166,91.13803009300696,377.46860000000015,0
T2-T4,179.2325,223.8334417721519,248.5084,0.0,0.0,99.6078,4.0,20.58911644863643,48.0,19.171169021478292,90.6626248024217,996.6096,1
T1,129.6101,160.7104085714286,243.9536,100.0,22.924371428571426,56.156839999999995,4.0,26.185248842629964,71.0,23.366690651745955,105.38828428591555,307.1505,2
T5,157.0687,175.69485675675676,244.3351,100.0,16.216216216216218,60.52993243243243,4.0,27.45682527418733,46.0,31.020020076111088,136.94098158835854,358.0828999999999,2
T11,150.2861,168.87133666666665,191.7067,58.8235,3.8169933333333335,65.32026333333333,4.0,36.934920697920994,109.0,151.97232745639093,776.9753047714729,278.6239999999998,3
T8,108.4611,139.30630666666667,216.0296,100.0,14.239651111111112,57.35510777777778,3.0,34.040049397376485,101.0,31.01280952774427,319.8902594834706,407.5963999999999,4
T9,113.3822,145.0621888888889,223.7201,100.0,21.213817460317458,46.95299841269841,3.0,34.43812430361977,89.0,34.82869195594594,159.56387659536526,319.0748000000003,4
T10,101.7243,128.47353333333334,182.7802,100.0,17.58672564102564,66.66665897435897,2.0,24.80039993321932,67.0,55.44961658375709,371.6859886865278,275.1817000000001,5
