section,speed_min,speed_mean,speed_max,brake_max,brake_mean,throttle_mean,gear_min,steering_std,steering_angle_max,hand_speed_mean,hand_speed_max,curve_length,cluster
T12,139.6353,165.73411875,202.5635,100.0,15.39215625,63.30879791666666,3.0,36.367559845950304,109.0,37.07566531686218,285.3781614930609,293.9245000000001,0
T11,161.3794,176.74933255813954,201.4725,100.0,9.712720930232559,69.50294186046511,4.0,34.87353515688579,101.0,37.05154597757747,203.37635108269504,282.6871000000001,0
T7,122.797,156.83445846153845,224.1855,100.0,23.855203076923075,63.32426,2.0,36.0081791740272,108.0,25.756479584249007,167.72261881969087,382.58960000000025,0
T2-T4,182.4445,229.3476139130435,260.2579,0.0,0.0,97.70157826086957,3.0,44.97497934852532,105.0,42.29342895817529,535.6362209812178,994.8498000000001,1
T5,152.0638,181.3127851851852,267.5746,100.0,23.710962962962963,47.581694444444445,3.0,34.57175368717091,75.0,63.58241777532781,480.3521078458436,360.4584,2
T1,118.0743,164.3746433962264,253.2616,100.0,34.413613207547165,51.342937735849056,2.0,29.046693916563974,82.0,33.79674496297973,342.378704460409,318.78060000000005,2
T8,98.1079,140.96950363636364,226.2989,100.0,20.09982,56.926898181818174,3.0,27.490484571164462,87.0,22.98091609604661,114.9187122834081,409.9382999999998,2
T10,95.0942,126.8667948275862,188.1895,100.0,19.2833,58.58010172413793,2.0,39.15779240016136,105.0,75.37390926712654,710.975220410421,273.8307999999997,3
T9,105.7603,142.93116904761905,235.8892,100.0,30.550886904761903,48.706805952380954,2.0,43.00138084211704,114.0,57.075062638339205,704.2641872643063,315.3601999999996,3
