section,speed_min,speed_mean,speed_max,brake_max,brake_mean,throttle_mean,gear_min,steering_std,steering_angle_max,hand_speed_mean,hand_speed_max,curve_length,cluster
T2,78.11802142857142,115.02766091563306,210.07533571428573,100.0,32.08297425405576,47.35467685762518,1.7857142857142858,41.244189246826046,119.75,54.151683666241745,334.78246485657377,210.21115000000003,0
T14,89.36882857142858,129.8161429917715,213.23719285714287,100.0,28.147405494553805,53.4391517627214,1.9285714285714286,33.26939922722778,105.80357142857143,46.81600158845125,364.37581251594395,266.9326714285715,0
T8,92.03642857142857,131.06138750799497,215.21379285714286,100.0,27.297058724775322,48.74804900711773,2.0,34.60642425449353,102.96875,45.18400428037956,330.1708528613964,261.8203714285715,0
T12,143.94217857142857,156.7914680120744,188.78517142857143,91.37255,14.087055688458102,58.704058756807946,3.2142857142857144,24.866381852142933,61.236607142857146,56.023602813712394,285.10931679569364,164.93569999999997,1
T1,165.3249642857143,188.94661256804423,254.2202142857143,99.94397857142857,19.514645166212745,64.69785137829675,4.0,25.303484529720134,74.30412857142858,34.964319929561,230.63728813536892,312.6173928571429,2
T4+T5,106.71342857142858,127.94881694721559,175.215,97.47899285714286,14.493752609118342,58.24919976461056,2.357142857142857,26.95696969604573,89.66517857142857,46.759425165763524,359.7362977006669,375.88117142857146,3
T6,98.78909285714285,127.48135543815775,173.55884999999998,93.44537142857143,15.396588074110864,59.43114047571908,2.0714285714285716,33.62886500223128,96.79464285714286,48.56972540767025,318.01241877149903,240.05651428571426,3
T9-T11,81.26792142857143,133.80286913105027,192.48439285714286,99.88795714285713,15.169116303871956,66.3050672427503,1.7857142857142858,43.47876228382138,115.94642857142857,42.673298981215716,359.6746560212876,444.9245857142857,4
