section,speed_min,speed_mean,speed_max,brake_max,brake_mean,throttle_mean,gear_min,steering_std,steering_angle_max,hand_speed_mean,hand_speed_max,curve_length,cluster
T3,65.7557,123.31963502577233,240.35096,100.0,28.103146546671745,63.48060739485889,1.0,40.057069356443364,121.8,38.96462712812333,241.0023219579663,294.92238,0
T4,85.92963999999999,136.37964098570978,243.9689,100.0,28.7633479566142,61.02703594662738,1.4,34.32197892323151,96.2,49.1207588326453,333.73621662472453,316.37827999999996,0
T9+T10,126.89403999999999,164.2328640874165,235.00114,100.0,19.43092079202553,68.17954363305971,2.0,21.673240009918267,70.8,35.95873590554685,195.03258558466845,504.9267599999997,1
T1,111.41220000000001,146.5915004628061,226.54612000000003,100.0,21.57549970360477,69.13547466626842,1.8,23.742220887225326,66.0,34.04003765749356,231.33626868291645,303.69362,2
T6,126.16312,155.05424615011106,205.75416,100.0,15.672085865788892,64.54902299062027,2.2,20.773363570336183,69.6,38.34184928996031,172.23742447847494,321.75158,2
T7+T8,139.82148,171.73555682538014,209.25459999999998,94.66666000000001,6.157437500676698,82.49354998194411,2.8,28.479441575999214,64.40312,27.72805653450867,172.4973161928163,497.78871999999984,3
