section,speed_min,speed_mean,speed_max,brake_max,brake_mean,throttle_mean,gear_min,steering_std,steering_angle_max,hand_speed_mean,hand_speed_max,curve_length,cluster
T3,60.0671,114.43925714285714,223.1403,100.0,30.507701785714286,57.90263928571428,2.0,40.879552814389044,127.0,39.105365211077356,256.71280625819486,303.05240000000003,0
T4,81.8723,128.5177570093458,227.6799,100.0,39.66648224299066,52.6296308411215,3.0,40.802519359962844,127.0,37.48377878201014,409.3489461357895,321.63620000000014,0
T7+T8,128.275,157.57673358208953,192.874,99.6078,9.713196268656716,80.25750447761195,3.0,30.740476410931578,68.0,25.658994826840217,153.43269963309626,502.35609999999997,1
T1,107.8813,137.97668854166668,210.0938,100.0,27.642975000000003,68.067784375,3.0,26.865040682426237,80.0,47.27034453702104,593.7210063687859,311.04010000000005,2
T6,119.1424,142.284346875,189.7002,100.0,21.090686458333334,58.98691041666667,3.0,25.38029063410623,83.0,39.01069363054514,181.81615890082944,323.1274000000003,2
T9+T10,122.591,154.10769716981133,217.4563,100.0,34.805771698113205,53.08914245283019,3.0,28.449711333014807,94.0,56.13210794281466,540.8815835547289,510.2046,3
